Тема,Автор,Время,Просмотры,Рейтинг
Spring Boot 2: чего не пишут в release notes,Toparvion,11  февраля  2019 в 12:58,18K,+34
Spring Boot 2: что нового?,aleksey-stukalov,5  февраля  2019 в 13:15,18K,+22
"Boot yourself, Spring is coming (Часть 1)",olegchir,26  сентября  2018 в 18:09,29K,+31
Стартер для работы с Spring Cloud,lynxp9,4  января  2019 в 15:48,12K,0
Введение в Spring Boot: создание простого REST API на Java,topjava,4  января  2019 в 19:53,215K,+1
Что нового в Spring Boot 2.2?,MaxRokatansky,11  ноября  2019 в 17:16,8K,+20
Микросервисы со Spring Boot. Часть 2. Создание микросервиса Forex,val6852,22  января  2020 в 14:33,13K,+2
"11 вопросов на собеседовании по Spring Boot, которые заставляют задуматься",val6852,5  марта   в 10:32,15K,+1
Spring без XML. Часть 1,MaximChistov,11  июля  2015 в 20:57,47K,+6
Spring Boot — OAuth2 и JWT,MaxRokatansky,27  мая  2019 в 14:25,58K,+11
Веб-приложение на Kotlin + Spring Boot + Vue.js,drleprechaun,12  сентября  2019 в 15:20,32K,+17
Учебник по Spring Boot Admin,val6852,13  декабря  2019 в 11:52,15K,+13
Spring Boot vs Spring MVC vs Spring — Как они сравниваются?,Lizard1,25  декабря  2019 в 14:08,22K,0
Микросервисы со Spring Boot. Часть 3. Создание микросервиса конвертации валют,val6852,24  января  2020 в 14:56,11K,+4
Что такое Spring Framework? От внедрения зависимостей до Web MVC,val6852,4  марта  2020 в 17:23,146K,+17
Подключение Keycloak к Spring Boot приложению,avkazakov,14  апреля   в 12:22,11K,+10
Обратная сторона Spring,alek_sys,30  июля  2017 в 19:37,107K,+31
Что такое Spring Cloud и как его готовить – интервью с Евгением Борисовым и Кириллом Толкачёвым,olegchir,26  октября  2017 в 18:05,63K,+25
Spring AOP. Маленький вопросик с собеседования,dmitryk100,29  января  2018 в 11:31,63K,+22
"Boot yourself, Spring is coming (Часть 2)",olegchir,5  октября  2018 в 12:14,11K,+13
